Workbook
Name _Toc301930468: TestDesign!#REF!
Name _Toc301930478: TestDesign!#REF!
Name ACTION: #REF!
Name Module04: 'Test case List'!$D$9
Name Module14: 'Test case List'!$D$10

Sheet Cover
B2: TEST CASE
B4: Project Name | C4: Testing using Manual & Automation for hdtoday | F4: Creator
B5: Project Code | C5: <Project Code> | F5: Reviewer/Approver
B6: Document Code | C6: =C5&"_"&"XXX"&"_"&"vx.x" -> <Project Code>_XXX_vx.x | F6: Issue Date
F7: Version
B10: Record of change
B11: Effective Date | C11: Version | D11: Change Item | E11: *A,D,M | F11: Change description | G11: Reference
B12: <Date when these changes are effective> | G12: <List of documents which are referred in this version.>

Sheet Test case List
D1: TEST CASE LIST
B3: Project Name | D3: Testing using Manual & Automation for hdtoday
B4: Project Code | D4: =Cover!C5 -> <Project Code>
B5: Test Environment Setup Description | D5: 1. Web Browser 2. BugBug (Automation Testing Tool) 3. CSV files (for DDT)
B8: No | C8: Function Name | D8: Sheet Name | E8: Description | F8: Pre-Condition
B9: 1 | C9: Navigation Menu & Links | D9: Module04
B10: 2 | C10: Movie Details Page | D10: Module14

Sheet TestDesign
A1: Requirement Level 1 | B1: Requirement Level 2 | C1: Requirement Level 3 | D1: Test Criteria | E1: Test Type | F1: Note
A2: 4. Navigation & Links | B2: Navigation | C2: Click Action | D2: Verify Home, Movies, TV Shows navigate correctly | E2: Function | F2: Check correct routing
B3: Navigation | C3: Active State | D3: Verify active menu highlight | E3: GUI | F3: Highlight color consistency
B4: Navigation | C4: Title Update | D4: Page titles update on navigation | E4: Function | F4: SEO title format
B5: Footer Links | C5: External Link | D5: External links open new tab | E5: Function/UI | F5: Ensure target=_blank
B6: Footer Links | C6: Internal Link | D6: Internal links open same tab | E6: Function | F6: Check routing speed
B7: Logo Action | C7: Homepage Navigation | D7: Clicking logo returns to homepage | E7: Function | F7: Check logo clickable area
B8: Breadcrumb | C8: Structure | D8: Breadcrumb shows Home > Category > Item | E8: GUI | F8: Spacing & divider styling
B9: Breadcrumb | C9: Navigation | D9: Clicking breadcrumb navigates correctly | E9: Function | F9: SPA navigation
B10: Pagination | C10: Page Change | D10: Page 2, Next, Previous navigate correctly | E10: Function | F10: URL param updates
B11: Pagination | C11: Highlight | D11: Current page highlight | E11: GUI | F11: Color & font consistency
B12: Error Handling | C12: Display | D12: 404 page appears for invalid URL | E12: Function | F12: Message format check
B13: Error Handling | C13: Navigation | D13: Go to Homepage link works | E13: Function | F13: CTA must stand out
A14: 14. Movie Details Page | B14: Movie Details | C14: Metadata | D14: Title, Poster, Rating, Duration, Year displayed | E14: GUI/Function | F14: Alignment & spacing
B15: Movie Details | C15: Synopsis | D15: Synopsis visible | E15: GUI | F15: Typography consistency
B16: Movie Details | C16: Watch Now | D16: Watch Now button visible | E16: GUI | F16: Contrast & size
B17: Genre | C17: Genre Page | D17: Clicking a genre navigates to genre page | E17: Function | F17: Check URL slug & filter accuracy
B18: Cast | C18: Cast Page | D18: Clicking actor navigates to cast page | E18: Function | F18: Ensure cast name slug consistency
B19: Trailer | C19: Playback | D19: Trailer modal opens & plays | E19: Function | F19: Overlay opacity
B20: Trailer | C20: Close Action | D20: Close icon works | E20: GUI | F20: ESC accessibility
B21: Share | C21: Copy Link | D21: Copy Link copies URL | E21: Function | F21: Toast appears
B22: Related Movies | C22: Display | D22: 6–12 related movies displayed | E22: Function/UI | F22: Card spacing
B23: Related Movies | C23: Clickable | D23: Movie cards clickable | E23: Function | F23: Hover animation
B24: Watchlist | C24: Add Action | D24: Add to Watchlist updates state | E24: Function | F24: Toast + icon change
B25: Watchlist | C25: Remove Action | D25: Remove updates UI | E25: Function | F25: Sync server & UI

Sheet Module04
A2: Module Code | B2: TC04 - Navigation Menu & Links | J2: Passed
A3: Test requirement | B3: No Requirement | J3: Failed
A4: Tester | B4: Nguyen Thanh Tu | J4: Blocked
A5: Passed | B5: Failed | C5: Untested | D5: Blocked | E5: Skipped | F5: Number of Test cases | J5: Untested
A6: =COUNTIF(F9:F993,"Passed") -> 6 | B6: =COUNTIF(F9:F993,"Failed") -> 0 | C6: =F6-E6-D6-B6-A6 -> 0 | D6: =COUNTIF(F$9:F$993,"Blocked") -> 0 | E6: =COUNTIF(F$9:F$993,"Skipped") -> 0 | F6: =COUNTA(A9:A993) -> 6 | J6: Skipped
A8: ID | B8: Test Case Description | C8: Test Case Procedure | D8: Expected Output | E8: Inter-test case Dependence | F8: Result | G8: Test date | H8: Note
B9: Function A
A10: TC04-01 | B10: Navigation Menu: Verify that all header menu links navigate correctly. | C10: 1. Click the 'Home' link. 2. Click the 'Movies' link. 3. Click the 'TV Shows' link. | D10: 1. Each link navigates to the correct page. 2. Page title updates accordingly. 3. Active menu item is highlighted. 4. No 404 error appears. | F10: Passed | G10: 14/11/2025
A11: TC04-02 | B11: Footer Links: Verify that footer links function properly. | C11: 1. Scroll to the footer. 2. Click 'About'. 3. Click 'Contact'. 4. Click 'Privacy'. 5. Click 'Terms'. | D11: 1. All links work (no broken links). 2. External links open in a new tab. 3. Internal links open in the same tab. | F11: Passed | G11: 14/11/2025
A12: TC04-03 | B12: Logo Navigation: Verify that clicking the website logo navigates to the homepage. | C12: 1. Navigate to any page (e.g., /movies). 2. Click the website Logo/Site name. | D12: 1. User is redirected to the Homepage (/). 2. Homepage content loads fully. 3. URL matches main domain. | F12: Passed | G12: 14/11/2025
A13: TC04-04 | B13: Breadcrumb Navigation: Verify breadcrumb path and navigation. | C13: 1. Navigate to /genre/action/avengers-endgame. 2. Click 'Action' in the breadcrumb. | D13: 1. Breadcrumb displays as 'Home > Action > Avengers'. 2. Clicking 'Action' navigates to /genre/action. 3. Current page has distinct active styling. | F13: Passed | G13: 14/11/2025
A14: TC04-05 | B14: Pagination: Verify page navigation through pagination controls. | C14: 1. Navigate to a page with pagination. 2. Click 'Page 2'. 3. Click 'Next'. 4. Click 'Previous'. | D14: 1. Correct page loads on each click. 2. URL updates with ?page=2, ?page=3... 3. Current page number is highlighted. | F14: Passed | G14: 14/11/2025
A15: TC04-06 | B15: 404 Error Page: Verify that invalid URLs show the correct 404 page. | C15: 1. Access URL: /not-exist-page-12345. | D15: 1. 404 design page is displayed. 2. Message 'Page not found' appears. 3. 'Go to Homepage' link is available. | F15: Passed | G15: 14/11/2025

Sheet Module14
A2: Module Code | B2: TC14 - Movie Details Page | J2: Passed
A3: Test requirement | B3: No Requirement | J3: Failed
A4: Tester | B4: Nguyen Thanh Tu | J4: Blocked
A5: Passed | B5: Failed | C5: Untested | D5: Blocked | E5: Skipped | F5: Number of Test cases | J5: Untested
A6: =COUNTIF(F9:F992,"Passed") -> 6 | B6: =COUNTIF(F9:F992,"Failed") -> 1 | C6: =F6-E6-D6-B6-A6 -> 0 | D6: =COUNTIF(F$9:F$992,"Blocked") -> 0 | E6: =COUNTIF(F$9:F$992,"Skipped") -> 0 | F6: =COUNTA(A9:A992) -> 7 | J6: Skipped
A8: ID | B8: Test Case Description | C8: Test Case Procedure | D8: Expected Output | E8: Inter-test case Dependence | F8: Result | G8: Test date | H8: Note
B9: Function A
A10: TC14-01 | B10: Movie Details Page: Verify full information display. | C10: 1. Navigate to /movie/inception. | D10: 1. Title, Poster, Rating, Duration, Year, Genres, Director, Cast are displayed. 2. Synopsis is shown. 3. 'Watch Now' button is visible. | F10: Passed | G10: 15/11/2025
A11: TC14-02 | B11: Director Page Navigation: Verify navigation from director link. | C11: 1. Click on the Genre (e.g., Action). | D11: 1. Navigates to /genre/action. 2. Action movie list is displayed. | F11: Passed | G11: 15/11/2025
A12: TC14-03 | B12: Actor Page Navigation: Verify navigation from actor link. | C12: 1. Click on actor name (e.g., Leonardo DiCaprio). | D12: 1. Navigates to /cast/leonardo-dicaprio. 2. Actor filmography are displayed. | F12: Passed | G12: 15/11/2025
A13: TC14-04 | B13: Trailer Playback: Verify trailer modal and playback. | C13: 1. Click the 'Watch Trailer' button. | D13: 1. Trailer modal opens. 2. Trailer plays successfully. 3. Close button is visible. | F13: Passed | G13: 15/11/2025
A14: TC14-05 | B14: Share Movie: Verify share functionality. | C14: 1. Click the Share icon. 2. Click 'Copy Link'. | D14: 1. Share menu displays available options. 2. Link is copied to clipboard. 3. Toast message 'Link copied!' appears. | F14: Failed | G14: 15/11/2025 | H14: Share menu does not appear when clicking Share icon.
A15: TC14-06 | B15: Related Movies: Verify related movie section. | C15: 1. Scroll to the 'Related Movies' section. | D15: 1. 6–12 related movies are displayed. 2. Movie cards are clickable. | F15: Passed | G15: 15/11/2025
A16: TC14-07 | B16: Add to Watchlist: Verify adding movie to watchlist. | C16: 1. Click 'Add to Watchlist' button. | D16: 1. Button text changes to 'Remove from Watchlist'. 2. Icon updates. 3. Toast notification appears. | F16: Passed | G16: 15/11/2025 | H16: =A8:H16 -> 0

Sheet Test Report
B1: TEST REPORT
B3: Project Name | C3: Testing using Manual & Automation for hdtoday | E3: Creator
B4: Project Code | C4: <Project Code> | E4: Reviewer/Approver
B5: Document Code | C5: =C4&"_"&"Test Report"&"_"&"vx.x" -> <Project Code>_Test Report_vx.x | E5: Issue Date | H5: 14/11/2025
B6: Notes | C6: <List modules included in this release> ex: Release 1 includes 2 modules: Module4 and Module14
B9: No | C9: Module code | D9: Pass | E9: Fail | F9: Untested | G9: Blocked | H9: Skipped | I9: Number of test cases
B10: 1 | C10: =Module04!B2 -> TC04 - Navigation Menu & Links | D10: =Module04!A6 -> 6 | E10: =Module04!B6 -> 0 | F10: =[1]Module1!C6 -> 0 | G10: =[1]Module1!D6 -> 0 | H10: =[1]Module1!E6 -> 0 | I10: =Module04!F6 -> 6
B11: 2 | C11: =Module14!B2 -> TC14 - Movie Details Page | D11: =Module14!A6 -> 6 | E11: =Module14!B6 -> 1 | F11: =[1]Module2!C6 -> 0 | G11: =[1]Module2!D6 -> 0 | H11: =[1]Module2!E6 -> 0 | I11: =Module14!F6 -> 7
C13: Sub total | D13: =SUM(D8:D12) -> 12 | E13: =SUM(E8:E12) -> 1 | F13: =SUM(F8:F12) -> 0 | G13: =SUM(G8:G12) -> 0 | H13: =SUM(H8:H12) -> 0 | I13: =SUM(I8:I12) -> 13
C15: Test coverage | E15: =(D13+E13)*100/(I13-H13-G13) -> 100 | F15: %
C16: Test successful coverage | E16: =D13*100/(D13+E13) -> 92.307692 | F16: %
