Workbook
Name _Toc301930468: TestDesign!#REF!
Name _Toc301930478: TestDesign!#REF!
Name ACTION: #REF!

Sheet Cover
B2: TEST CASE
B4: Project Name | C4: <Project Name> | F4: Creator
B5: Project Code | C5: <Project Code> | F5: Reviewer/Approver
B6: Document Code | C6: =C5&"_"&"XXX"&"_"&"vx.x" -> <Project Code>_XXX_vx.x | F6: Issue Date
F7: Version
B10: Record of change
B11: Effective Date | C11: Version | D11: Change Item | E11: *A,D,M | F11: Change description | G11: Reference
B12: <Date when these changes are effective> | G12: <List of documents which are referred in this version.>
B13: 15/11/2025 | D13: S07 | F13: Thêm TescaseList , TestDesign, Module7
B14: 15/11/2026 | D14: S10 | F14: Thêm TescaseList , TestDesign, Module10

Sheet Test case List
D1: TEST CASE LIST
B3: Project Name | D3: =Cover!C4 -> <Project Name>
B4: Project Code | D4: =Cover!C5 -> <Project Code>
B5: Test Environment Setup Description | D5: <List enviroment requires in this system 1. Server 2. Database 3. Web Browser ... >
B8: No | C8: Function Name | D8: Sheet Name | E8: Description | F8: Pre-Condition
B9: 1
B10: 2
B11: 3
B12: 4
B13: 5
B14: 6
B15: 7 | C15: Data-Driven Testing - Search | D15: Module7
B16: 8
B17: 9
B18: 10 | C18: Trang Danh sách Phim & Sorting | D18: Module10
B19: 11
B20: 12
B21: 13
B22: 14

Sheet TestDesign
A1: Requirement Level 1 | B1: Requirement Level 2 | C1: Requirement Level 3 | D1: Test Criteria | E1: Test Type | F1: Note
A2: 7.UI/UX | B2: Search Bar | C2: UI Interaction | D2: Nhập từ khóa vào ô search, nhấn Enter | E2: GUI/Function | F2: Kiểm thử giao diện + chức năng
B3: Data Driven | C3: Multi-Data Input | D3: Chạy lặp 7 bộ test data từ file CSV | E3: Automation | F3: Sử dụng Katalon Recorder / Selenium
B4: Validation | C4: Positive Case | D4: Từ khóa hợp lệ → trả về tiêu đề đúng | E4: Function | F4: Ví dụ: "Search results for 'dune'"
B5: Validation | C5: Negative Case | D5: Từ khóa không tồn tại → hiển thị “No results found.” | E5: Function | F5: Kiểm tra UI + text
B6: Result Display | C6: Consistency | D6: Kiểm tra tiêu đề kết quả khớp expected_result | E6: GUI | F6: Format chữ thường / hoa phải chính xác
A7: 10.Watchlist | B7: View Mode | C7: Default Grid | D7: Truy cập trang “Movies” → hiển thị dạng Grid | E7: GUI | F7: div.film_list-grid phải tồn tại
B8: Sorting | C8: Default Sort | D8: Kiểm tra “Sort by” hiển thị giá trị mặc định | E8: GUI | F8: “Sort by: Default” hoặc “Latest”
B9: Sorting | C9: Latest | D9: Chọn Sort by → Latest → phim đầu tiên là mới nhất | E9: Function | F9: Dựa theo năm phát hành 2024/2025
B10: Sorting | C10: Most Viewed | D10: Chọn Sort by → Most Viewed → thứ tự danh sách thay đổi | E10: Function | F10: So sánh với danh sách mặc định
B11: Sorting | C11: Rating / Top IMDB | D11: Chọn Sort by → Rating → phim đầu tiên có điểm cao nhất | E11: Function | F11: Ví dụ: rating 9.0+
B12: Pagination | C12: Load Next Page | D12: Nhấp “Page 2” hoặc “Next” → hiển thị trang 2 | E12: GUI/Function | F12: URL cập nhật: ?page=2

Sheet Module7
A2: Module Code | B2: S07 | J2: Passed
A3: Test requirement | B3: TRẠNG THÁI UI/UX DESKTOP | J3: Failed
A4: Tester | B4: Nguyễn Mạnh Hùng | J4: Blocked
A5: Passed | B5: Failed | C5: Untested | D5: Blocked | E5: Skipped | F5: Number of Test cases | J5: Untested
A6: =COUNTIF(F9:F994,"Passed") -> 7 | B6: =COUNTIF(F9:F994,"Failed") -> 0 | C6: =F6-E6-D6-B6-A6 -> 0 | D6: =COUNTIF(F$9:F$994,"Blocked") -> 0 | E6: =COUNTIF(F$9:F$994,"Skipped") -> 0 | F6: =COUNTA(A9:A994) -> 7 | J6: Skipped
A8: ID | B8: Test Case Description | C8: Test Case Procedure | D8: Expected Output | E8: Inter-test case Dependence | F8: Result | G8: Test date | H8: Note
B9: Function A
A10: [TC07_01] | B10: Kiểm tra UI Search bar (hover + focus). | C10: Điều hướng đến trang Home hoặc Movies có ô Search. Di chuột (hover) vào Search bar. Click vào Search bar để focus. | D10: Border hoặc shadow thay đổi khi hover. Cursor hiển thị dạng text (I-beam). Khi focus: outline rõ ràng, không nhấp nháy. | E10: UI must load | F10: Passed | G10: 15/11/2025 | H10: Hover + focus animation OK
A11: [TC07_02] | B11: Nhập từ khóa và nhấn Enter. | C11: Click vào Search bar. Nhập từ khóa bất kỳ (ví dụ: “dune”). Nhấn Enter. | D11: Điều hướng đến trang kết quả tìm kiếm. Tiêu đề: Search results for "dune". | E11: Search input enabled | F11: Passed | G11: 15/11/2025 | H11: Navigation smooth
A12: [TC07_03] | B12: Search với dữ liệu không hợp lệ. | C12: Nhập một chuỗi không tồn tại (ví dụ “asdfghjkl”). Nhấn Enter. | D12: Hiển thị thông báo: “No results found.” Không có card phim hiển thị. | E12: Must run after TC07_02 | F12: Passed | G12: 15/11/2025 | H12: Empty state displayed correctly
A13: [TC07_04] | B13: Data Driven Search (Dữ liệu 1). | C13: Nhập từ khóa từ file CSV: Godzilla. Nhấn Enter. Quan sát tiêu đề kết quả. | D13: Search results for "godzilla" | E13: Data file loaded | F13: Passed | G13: 15/11/2025 | H13: Case-insensitive OK
A14: [TC07_05] | B14: Data Driven Search (Dữ liệu 2). | C14: Nhập từ khóa CSV: Oppenheimer. Nhấn Enter. | D14: Search results for "oppenheimer" | E14: Data file loaded | F14: Passed | G14: 15/11/2025 | H14: Consistent result title
A15: [TC07_06] | B15: Data Driven Search (Dữ liệu 3). | C15: Nhập từ khóa CSV: Spider-Man. Nhấn Enter. | D15: Search results for "spider-man" | E15: Data file loaded | F15: Passed | G15: 15/11/2025 | H15: Symbol handling OK
A16: [TC07_07] | B16: Data Driven Search (Dữ liệu 4). | C16: Nhập từ khóa CSV: Kung Fu Panda. Nhấn Enter. | D16: Search results for "kung fu panda" | E16: Data file loaded | F16: Passed | G16: 15/11/2025 | H16: Multi-word search OK

Sheet Module10
A2: Module Code | B2: S10 | J2: Passed
A3: Test requirement | B3: MOVIE LIST UI + SORTING | J3: Failed
A4: Tester | B4: Từ Châu Hoàng Thắng | J4: Blocked
A5: Passed | B5: Failed | C5: Untested | D5: Blocked | E5: Skipped | F5: Number of Test cases | J5: Untested
A6: =COUNTIF(F9:F994,"Passed") -> 6 | B6: =COUNTIF(F9:F994,"Failed") -> 0 | C6: =F6-E6-D6-B6-A6 -> 0 | D6: =COUNTIF(F$9:F$994,"Blocked") -> 0 | E6: =COUNTIF(F$9:F$994,"Skipped") -> 0 | F6: =COUNTA(A9:A994) -> 6 | J6: Skipped
A8: ID | B8: Test Case Description | C8: Test Case Procedure | D8: Expected Output | E8: Inter-test case Dependence | F8: Result | G8: Test date | H8: Note
A9: [TC10_01] | B9: Kiểm tra giao diện grid trên trang Movies. | C9: Điều hướng đến trang /movies. Quan sát danh sách hiển thị. | D9: Các card phim hiển thị dạng grid. Khoảng cách giữa các card đồng đều. Không bị lệch layout. | E9: UI must load | F9: Passed | G9: 15/11/2025 | H9: Grid layout stable
A10: [TC10_02] | B10: Kiểm tra Sort mặc định. | C10: Truy cập /movies. Kiểm tra dropdown “Sort by”. | D10: Hiển thị mặc định: “Latest” hoặc “Default”. Không bị auto-sort sai. | E10: TC10_01 | F10: Passed | G10: 15/11/2025 | H10: Default sort correct
A11: [TC10_03] | B11: Mở dropdown Sort by. Chọn “Latest”. Quan sát phim đầu tiên. | C11: Phim hiển thị đầu tiên là phim mới nhất (năm 2024/2025). | D11: - Movie bị xóa khỏi danh sách Watchlist ngay lập tức - Hiển thị toast "Removed from Watchlist" - Watchlist count giảm 1 (nếu có) | E11: Sort dropdown enabled | F11: Passed | G11: 15/11/2025 | H11: Year ordering OK
A12: [TC10_04] | B12: Sort by Most Viewed. | C12: Chọn “Most Viewed”. Quan sát sự thay đổi thứ tự danh sách. | D12: Danh sách thay đổi so với “Latest”. Phim top view hiển thị đầu tiên. | E12: TC10_03 | F12: Passed | G12: 15/11/2025 | H12: View count sorting correct
A13: [TC10_05] | B13: Sort by Rating (Top IMDB). | C13: Chọn “Rating / Top IMDB”. Kiểm tra card đầu tiên. | D13: Phim có rating cao nhất hiển thị đầu tiên. Không sai lệch điểm. | E13: Rating data loaded | F13: Passed | G13: 15/11/2025 | H13: Rating descending OK
A14: [TC10_06] | B14: Pagination page 2. | C14: Tại trang Movies, chọn “Page 2”. Quan sát nội dung. | D14: Hiển thị danh sách phim trang 2. URL thay đổi: ?page=2. | E14: TC10_01 | F14: Passed | G14: 15/11/2025 | H14: Pagination backend pending

Sheet Test Report
B1: TEST REPORT
B3: Project Name | C3: hdtodayz | E3: Creator
B4: Project Code | C4: <Project Code> | E4: Reviewer/Approver
B5: Document Code | C5: =C4&"_"&"Test Report"&"_"&"vx.x" -> <Project Code>_Test Report_vx.x | E5: Issue Date | H5: <Date when this test report is created>
B6: Notes | C6: <List modules included in this release> ex: Release 1 includes 2 modules: Module1 and Module2
B9: No | C9: Module code | D9: Pass | E9: Fail | F9: Untested | G9: Blocked | H9: Skipped | I9: Number of test cases
B10: 1 | C10: S07 | D10: =Module7!A6 -> 7 | E10: =Module7!B6 -> 0 | F10: =Module7!C6 -> 0 | G10: =Module7!D6 -> 0 | H10: =Module7!E6 -> 0 | I10: =Module7!F6 -> 7
B11: 2 | C11: S010 | D11: =Module10!A6 -> 6 | E11: =Module10!B6 -> 0 | F11: =Module10!C6 -> 0 | G11: =Module10!D6 -> 0 | H11: =Module10!E6 -> 0 | I11: =Module10!F6 -> 6
C13: Sub total | D13: =SUM(D8:D12) -> 13 | E13: =SUM(E8:E12) -> 0 | F13: =SUM(F8:F12) -> 0 | G13: =SUM(G8:G12) -> 0 | H13: =SUM(H8:H12) -> 0 | I13: =SUM(I8:I12) -> 13
C15: Test coverage | E15: =(D13+E13)*100/(I13-H13-G13) -> 100 | F15: %
C16: Test successful coverage | E16: =D13*100/(D13+E13) -> 100 | F16: %
