Workbook
Name _Toc301930468: TestDesign!#REF!
Name _Toc301930478: TestDesign!#REF!
Name ACTION: #REF!

Sheet Cover
B2: TEST CASE
B4: Project Name | C4: Testing using Manual & Automation for hdtoday | F4: Creator
B5: Project Code | C5: <Project Code> | F5: Reviewer/Approver
B6: Document Code | C6: =C5&"_"&"XXX"&"_"&"vx.x" -> <Project Code>_XXX_vx.x | F6: Issue Date
F7: Version
B10: Record of change
B11: Effective Date | C11: Version | D11: Change Item | E11: *A,D,M | F11: Change description | G11: Reference
B12: <Date when these changes are effective> | G12: <List of documents which are referred in this version.>
B13: 15/11/2025 | D13: S06 | F13: Thêm TescaseList , TestDesign, Module6
B14: 15/11/2026 | D14: S12 | F14: Thêm TescaseList , TestDesign, Module12

Sheet Test case List
D1: TEST CASE LIST
B3: Project Name | D3: =Cover!C4 -> Testing using Manual & Automation for hdtoday
B4: Project Code | D4: =Cover!C5 -> <Project Code>
B5: Test Environment Setup Description | D5: <List enviroment requires in this system 1. Server 2. Database 3. Web Browser ... >
B8: No | C8: Function Name | D8: Sheet Name | E8: Description | F8: Pre-Condition
B9: 6 | C9: Tương thích trình duyệt | D9: Module6
B10: 12 | C10: Kiểm thử Form Validation | D10: Module12

Sheet TestDesign
A1: Login | B1: Requirement Level 2 | C1: Requirement Level 3 | D1: Test Criteria | E1: Test Type | F1: Note
A2: 6.Compatibility | B2: Main Functions | C2: Login | D2: Kiểm tra chức năng Login hoạt động đúng trên tất cả trình duyệt | E2: Function
C3: Search | D3: Kiểm tra chức năng Search hoạt động đúng trên tất cả trình duyệt | E3: Function
C4: Logout | D4: Kiểm tra chức năng Logout hoạt động đúng trên tất cả trình duyệt | E4: Function
B5: UI Rendering | C5: Layout | D5: Kiểm tra giao diện và layout hiển thị đúng trên các trình duyệt | E5: GUI
A7: 12.Form Validation | B7: Login | C7: Success | D7: Login với thông tin hợp lệ | E7: Function
C8: Invalid Password | D8: Login với mật khẩu sai | E8: Function
C9: Invalid Email Format | D9: Định dạng email không hợp lệ | E9: Function
C10: Empty Fields | D10: Để trống toàn bộ form | E10: Function
C11: Wrong User | D11: Email không tồn tại | E11: Function
B12: Register | C12: Success | D12: Đăng ký với thông tin hợp lệ | E12: Function
C13: Empty Fields | D13: Để trống toàn bộ form đăng ký | E13: Function
C14: Short Password | D14: Mật khẩu < 6 ký tự | E14: Function
C15: Confirm Mismatch | D15: Password ≠ Confirm Password | E15: Function
C16: Duplicate Email | D16: Email đã tồn tại | E16: Function
C17: Numeric-only Password | D17: Password chỉ chứa số | E17: Function | F17: Dùng để kiểm tra rule password

Sheet Module6
A2: Module Code | B2: Module6 | J2: Passed
A3: Test requirement | B3: <Brief description about requirements which are tested in this sheet> | J3: Failed
A4: Tester | J4: Blocked
A5: Passed | B5: Failed | C5: Untested | D5: Blocked | E5: Skipped | F5: Number of Test cases | J5: Untested
A6: =COUNTIF(F9:F993,"Passed") -> 4 | B6: =COUNTIF(F9:F993,"Failed") -> 1 | C6: =F6-E6-D6-B6-A6 -> 0 | D6: =COUNTIF(F$9:F$993,"Blocked") -> 0 | E6: =COUNTIF(F$9:F$993,"Skipped") -> 0 | F6: =COUNTA(A9:A993) -> 5 | J6: Skipped
A8: ID | B8: Test Case Description | C8: Test Case Procedure | D8: Expected Output | E8: Inter-test case Dependence | F8: Result | G8: Test date | H8: Note
B9: Function A
A10: =IF(OR(B10<>"",D10<>""),"["&TEXT($B$2,"##")&"-"&TEXT(ROW()-9,"##")&"]","") -> [Module6-1] | B10: Verify Login works correctly across different browsers | C10: 1.Mở trang web trên trình duyệt bất kỳ (Chrome/Edge/Firefox/Safari) 2.Nhập email hợp lệ. 3.Nhập mật khẩu hợp lệ. 4.Nhấn “Login”. | D10: - Hệ thống đăng nhập thành công và chuyển đến trang chủ. - Kết quả giống nhau trên tất cả trình duyệt. | E10: Không | F10: Passed
A11: =IF(OR(B11<>"",D11<>""),"["&TEXT($B$2,"##")&"-"&TEXT(ROW()-9,"##")&"]","") -> [Module6-2] | B11: Verify Login validation behaves the same across browsers | C11: 1.Mở trang Login trên các trình duyệt. 2.Nhập email sai hoặc mật khẩu sai. 3.Nhấn “Login”. | D11: Hiện thông báo lỗi giống nhau trên tất cả trình duyệt. Không tự reload trang. | E11: Không | F11: Passed
A12: =IF(OR(B12<>"",D12<>""),"["&TEXT($B$2,"##")&"-"&TEXT(ROW()-9,"##")&"]","") -> [Module6-3] | B12: Verify Search function works correctly across browsers | C12: 1.Mở trang Home trên các trình duyệt. 2.Nhập tên phim có tồn tại (vd: "Avengers"). 3.Nhấn nút Search. | D12: Danh sách phim liên quan được hiển thị giống nhau trên tất cả trình duyệt. | E12: Không | F12: Passed
A13: =IF(OR(B13<>"",D13<>""),"["&TEXT($B$2,"##")&"-"&TEXT(ROW()-9,"##")&"]","") -> [Module6-4] | B13: Verify Search invalid keyword behaves consistently | C13: 1.Nhập từ khóa không tồn tại (vd: "aaaaaaa"). 2.Nhấn Search. | D13: Hiện thông báo “Không tìm thấy kết quả”. Không lỗi UI. | E13: Không | F13: Failed
A14: =IF(OR(B14<>"",D14<>""),"["&TEXT($B$2,"##")&"-"&TEXT(ROW()-9,"##")&"]","") -> [Module6-5] | B14: Verify UI layout and components render correctly | C14: 1.Mở trang Home trên từng trình duyệt. 2.Quan sát layout, font, spacing. 3.Cuộn trang để kiểm tra lazy loading. | D14: Layout không bị vỡ. Hình ảnh hiển thị đúng. Không lỗi CSS giữa các trình duyệt. | E14: Không | F14: Passed

Sheet Module12
A2: Module Code | B2: Module12 | J2: Passed
A3: Test requirement | B3: <Brief description about requirements which are tested in this sheet> | J3: Failed
A4: Tester | J4: Blocked
A5: Passed | B5: Failed | C5: Untested | D5: Blocked | E5: Skipped | F5: Number of Test cases | J5: Untested
A6: =COUNTIF(F9:F1004,"Passed") -> 11 | B6: =COUNTIF(F9:F1004,"Failed") -> 0 | C6: =F6-E6-D6-B6-A6 -> 0 | D6: =COUNTIF(F$9:F$1004,"Blocked") -> 0 | E6: =COUNTIF(F$9:F$1004,"Skipped") -> 0 | F6: =COUNTA(A9:A1004) -> 11 | J6: Skipped
A8: ID | B8: Test Case Description | C8: Test Case Procedure | D8: Expected Output | E8: Inter-test case Dependence | F8: Result | G8: Test date | H8: Note
B9: Function A - Login validation
A10: =IF(OR(B10<>"",D10<>""),"["&TEXT($B$2,"##")&"-"&TEXT(ROW()-9,"##")&"]","") -> [Module12-1] | B10: Login with valid information | C10: 1.Mở trang Login. 2.Nhập email hợp lệ và mật khẩu đúng. 3.Nhấn Login. | D10: Đăng nhập thành công → chuyển sang trang chủ. | E10: Không | F10: Passed
A11: =IF(OR(B11<>"",D11<>""),"["&TEXT($B$2,"##")&"-"&TEXT(ROW()-9,"##")&"]","") -> [Module12-2] | B11: Login with invalid email format | C11: 1.Nhập email sai định dạng (vd: abc123). 2.Nhấn Login. | D11: Hiện lỗi “Email không hợp lệ”. | E11: Không | F11: Passed
A12: =IF(OR(B12<>"",D12<>""),"["&TEXT($B$2,"##")&"-"&TEXT(ROW()-9,"##")&"]","") -> [Module12-3] | B12: Login with wrong password | C12: 1.Nhập email hợp lệ nhưng mật khẩu sai. 2.Nhấn Login. | D12: Hiện lỗi “Sai mật khẩu”. | E12: Không | F12: Passed
A13: =IF(OR(B13<>"",D13<>""),"["&TEXT($B$2,"##")&"-"&TEXT(ROW()-9,"##")&"]","") -> [Module12-4] | B13: Empty Fields | C13: Không nhập vào gì | D13: Hiện lỗi “Email không hợp lệ”. | E13: Không | F13: Passed
A14: =IF(OR(B14<>"",D14<>""),"["&TEXT($B$2,"##")&"-"&TEXT(ROW()-9,"##")&"]","") -> [Module12-5] | B14: Login with wrong user | C14: 1.Nhập email không hợp lệ nhưng mật khẩu tùy ý. 2.Nhấn Login. | D14: Hiện lỗi “Email không hợp lệ”. | E14: Không | F14: Passed
B15: Function B - Register validation
A16: =IF(OR(B16<>"",D16<>""),"["&TEXT($B$2,"##")&"-"&TEXT(ROW()-10,"##")&"]","") -> [Module12-6] | B16: Register with valid inputs | C16: 1.Mở trang Register. 2.Nhập đầy đủ thông tin hợp lệ. 3.Nhấn Register. | D16: Tạo tài khoản thành công. Chuyển đến trang Login hoặc Home. | E16: Không | F16: Passed
A17: =IF(OR(B17<>"",D17<>""),"["&TEXT($B$2,"##")&"-"&TEXT(ROW()-10,"##")&"]","") -> [Module12-7] | B17: Empty Fields | C17: Không nhập vào gì | D17: Hiện lỗi “Email không hợp lệ”. | E17: Không | F17: Passed
A18: =IF(OR(B18<>"",D18<>""),"["&TEXT($B$2,"##")&"-"&TEXT(ROW()-10,"##")&"]","") -> [Module12-8] | B18: Register with invalid password | C18: 1.Mở trang Register. 2.Nhập password < 6 ký tự. 3.Nhấn Register. | D18: Hiện lỗi “Mật khẩu quá ngắn”. | E18: Không | F18: Passed
A19: =IF(OR(B19<>"",D19<>""),"["&TEXT($B$2,"##")&"-"&TEXT(ROW()-10,"##")&"]","") -> [Module12-9] | B19: Confirm wrong password | C19: 1.Mở trang Register. 2.Nhập confirm password sai. 3.Nhấn Register. | D19: Hiện lỗi “Mật khẩu xác nhận không khớp”. | E19: Không | F19: Passed
A20: =IF(OR(B20<>"",D20<>""),"["&TEXT($B$2,"##")&"-"&TEXT(ROW()-10,"##")&"]","") -> [Module12-10] | B20: Register with duplicate email | C20: 1.Mở trang Register. 2.Nhập trùng email đã tạo rồi. 3.Nhấn Register. | D20: Hiện lỗi “Email đã tồn tại”. | E20: Không | F20: Passed
A21: =IF(OR(B21<>"",D21<>""),"["&TEXT($B$2,"##")&"-"&TEXT(ROW()-10,"##")&"]","") -> [Module12-11] | B21: Register with Numeric-only password | C21: 1.Mở trang Register. 2.Nhập password toàn số. 3.Nhấn Register. | D21: Hiện lỗi “Mật khẩu phải có định dạng đúng”. | E21: Không | F21: Passed

Sheet Test Report
B1: TEST REPORT
B3: Project Name | C3: <Project Name> | E3: Creator
B4: Project Code | C4: <Project Code> | E4: Reviewer/Approver
B5: Document Code | C5: =C4&"_"&"Test Report"&"_"&"vx.x" -> <Project Code>_Test Report_vx.x | E5: Issue Date | H5: <Date when this test report is created>
B6: Notes | C6: <List modules included in this release> ex: Release 1 includes 2 modules: Module1 and Module2
B9: No | C9: Module code | D9: Pass | E9: Fail | F9: Untested | G9: Blocked | H9: Skipped | I9: Number of test cases
B10: 1 | C10: =Module6!B2 -> Module6 | D10: =Module6!A6 -> 4 | E10: =Module6!B6 -> 1 | F10: =Module6!C6 -> 0 | G10: =Module6!D6 -> 0 | H10: =Module6!E6 -> 0 | I10: =Module6!F6 -> 5
B11: 2 | C11: =Module12!B2 -> Module12 | D11: =Module12!A6 -> 11 | E11: =Module12!B6 -> 0 | F11: =Module12!C6 -> 0 | G11: =Module12!D6 -> 0 | H11: =Module12!E6 -> 0 | I11: =Module12!F6 -> 11
C13: Sub total | D13: =SUM(D8:D12) -> 15 | E13: =SUM(E8:E12) -> 1 | F13: =SUM(F8:F12) -> 0 | G13: =SUM(G8:G12) -> 0 | H13: =SUM(H8:H12) -> 0 | I13: =SUM(I8:I12) -> 16
C15: Test coverage | E15: =(D13+E13)*100/(I13-H13-G13) -> 100 | F15: %
C16: Test successful coverage | E16: =D13*100/(D13+E13) -> 93.75 | F16: %
