Workbook
Name _Toc301930468: TestDesign!#REF!
Name _Toc301930478: TestDesign!#REF!
Name ACTION: #REF!

Sheet Cover
B2: TEST CASE
B4: Project Name | C4: Testing using Manual & Automation for hdtoday | F4: Creator
B5: Project Code | C5: <Project Code> | F5: Reviewer/Approver
B6: Document Code | C6: =C5&"_"&"XXX"&"_"&"vx.x" -> <Project Code>_XXX_vx.x | F6: Issue Date
F7: Version
B10: Record of change
B11: Effective Date | C11: Version | D11: Change Item | E11: *A,D,M | F11: Change description | G11: Reference
B12: <Date when these changes are effective> | G12: <List of documents which are referred in this version.>

Sheet Test case List
D1: TEST CASE LIST
B3: Project Name | D3: Testing using Manual & Automation for hdtoday
B4: Project Code | D4: =Cover!C5 -> <Project Code>
B5: Test Environment Setup Description | D5: 1. Web Browser 2. BugBug (Automation Testing Tool) 3. CSV files (for DDT)
B8: No | C8: Function Name | D8: Sheet Name | E8: Description | F8: Pre-Condition
B9: 1 | C9: Advanced Playback Settings | D9: Module 03
B10: 2 | C10: Watch History and Continue Watching | D10: Module 13

Sheet TestDesign
A1: Requirement Level 1 | B1: Requirement Level 2 | C1: Requirement Level 3 | D1: Test Criteria | E1: Test Type | F1: Note
A2: TC03 – Advanced Playback Settings | B2: Video Quality | C2: Change resolution | D2: 1. Video reloads at selected resolution. | E2: Function.
D3: 2. Quality indicator updates correctly. | E3: GUI
D4: 3. Playback continues smoothly. | E4: GUI
B5: Speed Adjustment | C5: Speed change | D5: 1. Playback speed changes instantly. | E5: Function.
D6: 2. Audio sync remains correct. | E6: GUI
D7: 3. Speed value remains highlighted. | E7: GUI
B8: Subtitle | C8: Subtitle On/Off | D8: 1. Subtitles appear immediately when turned ON. | E8: Function.
D9: 2. Display updates when language is switched. | E9: GUI
D10: 3. Subtitles disappear when turned OFF. | E10: GUI
B11: Fullscreen | C11: Enter fullscreen | D11: 1. Video expands to fullscreen mode. | E11: Function
D12: 2. Controls remain accessible. | E12: GUI
D13: 3. Exiting fullscreen returns to original player size. | E13: GUI
B14: Server Switch | C14: Switch server | D14: 1. Video reloads using the new server. | E14: Function.
D15: 2. Playback resumes from similar timestamp. | E15: GUI
D16: 3. No infinite loading/error after switching. | E16: GUI
B17: Auto Resume | C17: Auto resume after changing settings | D17: 1. Video resumes automatically after each setting change. | E17: Function
D18: 2. Timestamp does not reset. | E18: GUI
D19: 3. No freezing or black screen occurs. | E19: GUI
A20: TC13 – Watch History & Continue Watching | B20: Homepage | C20: Display of Continue Watching | D20: 1. Section appears under homepage banner. | E20: Function
D21: 2. Cards show last-watched movies/episodes with progress bar. | E21: GUI
D22: 3. If no history exists, section is hidden. | E22: GUI
C23: Resume Playback | D23: 1. Video opens at previously saved timestamp. | E23: Function
D24: 2. Playback resumes without errors. | E24: GUI
B25: Continue Watching | C25: Auto-add to Continue Watching | D25: 1. Item appears under Continue Watching. | E25: Function
D26: 2. Progress bar reflects the point where playback stopped. | E26: GUI
B27: Watch History | C27: Display Watch History page | D27: 1. List of previously watched movies/episodes appears. | E27: Function
D28: 2. Cards show poster, title, and last watched date/time. | E28: GUI
D29: 3. Latest watched item appears at top. | E29: GUI
B30: Deletion | C30: Delete single item | D30: 1. Item is removed instantly. | E30: Function
D31: 2. Page updates with remaining items. | E31: GUI
D32: 3. Item also disappears from Continue Watching section. | E32: GUI
C33: Clear all history | D33: 1. Full watch history is cleared. | E33: Function
D34: 2. Page shows “No history found” message. | E34: GUI
D35: 3. Continue Watching section becomes empty on homepage. | E35: GUI
B36: Playback Resume | C36: Cross-episode behavior | D36: 1. Homepage Continue Watching shows separate entries for the movie and TV episode. | E36: Function
D37: 2. Each resumes from its own progress bar when played. | E37: GUI

Sheet Module 03
A1: ]
A2: Module Code | B2: TC03 - Advanced Playback Settings | J2: Passed
A3: Test requirement | B3: No Requirement | J3: Failed
A4: Tester | B4: Nguyen Pham Quoc Tri | J4: Blocked
A5: Passed | B5: Failed | C5: Untested | D5: Blocked | E5: Skipped | F5: Number of Test cases | J5: Untested
A6: =COUNTIF(F9:F993,"Passed") -> 6 | B6: =COUNTIF(F9:F993,"Failed") -> 0 | C6: =F6-E6-D6-B6-A6 -> 0 | D6: =COUNTIF(F$9:F$993,"Blocked") -> 0 | E6: =COUNTIF(F$9:F$993,"Skipped") -> 0 | F6: =COUNTA(A9:A993) -> 6 | J6: Skipped
A8: ID | B8: Test Case Description | C8: Test Case Procedure | D8: Expected Output | E8: Inter-test case Dependence | F8: Result | G8: Test date | H8: Note
B9: Function A
A10: TC03-01 | B10: Video Quality Change: Verify user can change video resolution. | C10: 1. Open any movie/episode. 2. Click the Settings or Quality icon in the player. 3. Select a different resolution (e.g., Auto → 720p). | D10: 1. Video reloads at selected resolution. 2. Quality indicator updates correctly. 3. Playback continues smoothly. | F10: Passed | G10: 15/11/2025 | H10: HDToday provides multiple server qualities.
A11: TC03-02 | B11: Playback Speed Adjustment: Verify speed changes work smoothly. | C11: 1. Open video player. 2. Click Speed settings. 3. Choose speeds like 1.25x, 1.5x, 2x. | D11: 1. Playback speed changes instantly. 2. Audio sync remains correct. 3. Speed value remains highlighted. | F11: Passed | G11: 15/11/2025
A12: TC03-03 | B12: Subtitle On/Off + Language Switching. | C12: 1. Click Subtitles / CC icon. 2. Turn subtitles ON. 3. If available, switch between languages (e.g., English → Spanish). 4. Turn subtitles OFF. | D12: 1. Subtitles appear immediately when turned ON. 2. Display updates when language is switched. 3. Subtitles disappear when turned OFF. | F12: Passed | G12: 15/11/2025 | H12: Subtitle options vary by movie.
A13: TC03-04 | B13: Fullscreen Mode: Verify entering and exiting fullscreen. | C13: 1. Start playback. 2. Click Fullscreen icon. 3. Press Esc to exit fullscreen. | D13: 1. Video expands to fullscreen mode. 2. Controls remain accessible. 3. Exiting fullscreen returns to original player size. | F13: Passed | G13: 15/11/2025
A14: TC03-05 | B14: Playback Server Switching: Verify switching streaming servers works. | C14: 1. Start playback. 2. In player settings, switch from Server 1 to Server 2 (or HD/SD server options). | D14: 1. Video reloads using the new server. 2. Playback resumes from similar timestamp. 3. No infinite loading/error after switching. | F14: Passed | G14: 15/11/2025 | H14: Very important for HDToday.
A15: TC03-06 | B15: Auto Resume After Settings Change: Verify playback continues after adjustments. | C15: 1. Access URL: /no1. Start video. 2. Change quality, speed, or subtitles while playing. 3. Observe playback.t-exist-page-12345. | D15: 1. Video resumes automatically after each setting change. 2. Timestamp does not reset. 3. No freezing or black screen occurs. | E15: TC03-01 / TC03-02 / TC03-03 | F15: Passed | G15: 15/11/2025 | H15: Ensures overall stability

Sheet Module 13
A2: Module Code | B2: TC13-Watch History and Continue Watching | J2: Passed
A3: Test requirement | B3: No Requirement | J3: Failed
A4: Tester | B4: Nguyen Pham Quoc Tri | J4: Blocked
A5: Passed | B5: Failed | C5: Untested | D5: Blocked | E5: Skipped | F5: Number of Test cases | J5: Untested
A6: =COUNTIF(F9:F987,"Passed") -> 7 | B6: =COUNTIF(F9:F987,"Failed") -> 0 | C6: =F6-E6-D6-B6-A6 -> 0 | D6: =COUNTIF(F$9:F$987,"Blocked") -> 0 | E6: =COUNTIF(F$9:F$987,"Skipped") -> 0 | F6: =COUNTA(A9:A987) -> 7 | J6: Skipped
A8: ID | B8: Test Case Description | C8: Test Case Procedure | D8: Expected Output | E8: Inter-test case Dependence | F8: Result | G8: Test date | H8: Note
B9: Function A
A10: TC13-01 | B10: Homepage: Verify Continue Watching section displays previously watched titles. | C10: 1. Navigate to hdtodayz.to homepage. 2. Scroll to the Continue Watching row. | D10: 1. Section appears under homepage banner. 2. Cards show last-watched movies/episodes with progress bar. 3. If no history exists, section is hidden. | F10: Passed | G10: 15/11/2025
A11: TC13-02 | B11: Resume Playback: Verify clicking a Continue Watching item resumes from last timestamp. | C11: 1. On homepage, click an item under Continue Watching. 2. Play the video. | D11: 1. Video opens at previously saved timestamp. 2. Playback resumes without errors. | E11: TC14-01 | F11: Passed | G11: 15/11/2025
A12: TC13-03 | B12: Auto-add to Continue Watching after partial viewing. | C12: 1. Open any movie/episode. 2. Watch for at least 15–20 seconds. 3. Refresh homepage. | D12: 1. Item appears under Continue Watching. 2. Progress bar reflects the point where playback stopped. | F12: Passed | G12: 15/11/2025
A13: TC13-04 | B13: Watch History Page: Verify watched titles appear in Watch History. | C13: 1. Click History (top header menu) | D13: 1. List of previously watched movies/episodes appears. 2. Cards show poster, title, and last watched date/time. 3. Latest watched item appears at top. | E13: TC14-03 | F13: Passed | G13: 15/11/2025
A14: TC13-05 | B14: Delete Single Item: Verify a user can remove one history entry. | C14: 1. Open History page. 2. Click the Delete/Remove (X) icon for an entry. | D14: 1. Item is removed instantly. 2. Page updates with remaining items. 3. Item also disappears from Continue Watching section. | E14: TC14-04 | F14: Passed | G14: 15/11/2025
A15: TC13-06 | B15: Clear All: Verify clearing entire watch history works. | C15: 1. Go to History page. 2. Click Clear All. 3. Confirm action if prompted. | D15: 1. Full watch history is cleared. 2. Page shows “No history found” message. 3. Continue Watching section becomes empty on homepage. | E15: TC14-04 | F15: Passed | G15: 15/11/2025
A16: TC13-07 | B16: Cross-movie/episode continuity: Verify HDToday saves progress per episode. | C16: 1. Start watching a TV episode → stop after 30 seconds. 2. Start another episode or a movie. 3. Return to homepage. | D16: 1. Homepage Continue Watching shows separate entries for the movie and TV episode. 2. Each resumes from its own progress bar when played. | F16: Passed | G16: 15/11/2025

Sheet Test Report
B1: TEST REPORT
B3: Project Name | C3: Advanced Playback Settings & Watch History and Continue Watching | E3: Creator
B4: Project Code | C4: <Project Code> | E4: Reviewer/Approver
B5: Document Code | C5: =C4&"_"&"Test Report"&"_"&"vx.x" -> <Project Code>_Test Report_vx.x | E5: Issue Date | H5: 14/11/2025
B6: Notes | C6: <List modules included in this release> ex: Release 1 includes 2 modules: Module 3 and Module 13
B9: No | C9: Module code | D9: Pass | E9: Fail | F9: Untested | G9: Blocked | H9: Skipped | I9: Number of test cases
B10: 1 | C10: ='Module 03'!B2 -> TC03 - Advanced Playback Settings | D10: ='Module 03'!A6 -> 6 | E10: =[1]Module1!B6 -> 0 | F10: =[1]Module1!C6 -> 0 | G10: =[1]Module1!D6 -> 0 | H10: =[1]Module1!E6 -> 0 | I10: ='Module 03'!F6 -> 6
B11: 2 | C11: ='Module 13'!B2 -> TC13-Watch History and Continue Watching | D11: ='Module 13'!A6 -> 7 | E11: =[1]Module2!B6 -> 0 | F11: =[1]Module2!C6 -> 0 | G11: =[1]Module2!D6 -> 0 | H11: =[1]Module2!E6 -> 0 | I11: ='Module 13'!F6 -> 7
C13: Sub total | D13: =SUM(D8:D12) -> 13 | E13: =SUM(E8:E12) -> 0 | F13: =SUM(F8:F12) -> 0 | G13: =SUM(G8:G12) -> 0 | H13: =SUM(H8:H12) -> 0 | I13: =SUM(I8:I12) -> 13
C15: Test coverage | E15: =(D13+E13)*100/(I13-H13-G13) -> 100 | F15: %
C16: Test successful coverage | E16: =D13*100/(D13+E13) -> 100 | F16: %
